{"faithfulness":0.5026962335,"answer_relevancy":0.5544213223,"context_recall":0.1797619048,"semantic_similarity":0.8134074172,"context_entity_recall":0.0761426317,"factual_correctness":0.2012230216,"context_precision":0.2096496322,"rouge_score":0.1100824346,"total_output_token":313698.0,"total_input_token":3746069.0,"experiment":"eval_with_model_gpt4omini_financebench_text_results_llama3.2-3B.json","eval_model":"gpt4omini"}