{
    "faithfulness": 0.6466029306,
    "answer_relevancy": 0.2153470621,
    "context_recall": 0.140070922,
    "semantic_similarity": 0.8032046381,
    "context_entity_recall": 0.0558004051,
    "factual_correctness": 0.2253508772,
    "context_precision": 0.0215007215,
    "rouge_score": 0.1096059119,
    "total_output_token": 361544.0,
    "total_input_token": 4098124.0,
    "experiment": "eval_with_model_mistral-large-2407_financebench_facts_results_llama3.2-3B.json",
    "eval_model": "mistral-large-2407"
}